{"cols": 2, "data": {"0": [0.2716246247291565, 0.5442403554916382], "1": [0.5073134303092957, 0.0], "2": [0.36964958906173706, 0.2120075523853302], "3": [0.5871602892875671, 0.30207762122154236], "4": [0.5153613090515137, 0.26485079526901245], "5": [0.09469541907310486, 0.4277409315109253], "6": [0.0779142677783966, 0.5545970797538757], "7": [0.6424951553344727, 0.2851492166519165], "8": [0.5316095352172852, 0.05467870831489563], "9": [0.6878755688667297, 0.3181352913379669], "10": [0.698721170425415, 0.40694475173950195], "11": [0.511745035648346, 0.016129344701766968], "12": [0.8668228387832642, 0.5110523700714111], "13": [0.7365720272064209, 0.6726836562156677], "14": [0.2888045310974121, 0.5133270025253296], "15": [0.3482000231742859, 0.4562038779258728], "16": [0.38970279693603516, 0.37941235303878784], "17": [0.33660632371902466, 0.38605156540870667], "18": [0.38053226470947266, 0.4526972770690918], "19": [0.357856810092926, 0.5622109174728394], "20": [0.34359776973724365, 0.5210101008415222], "21": [0.31988173723220825, 0.2892414331436157], "22": [0.24233786761760712, 0.62675541639328], "23": [0.1885826289653778, 0.8044627904891968], "24": [0.18764612078666687, 0.8058284521102905], "25": [0.34873461723327637, 0.6222977638244629], "26": [0.41313326358795166, 0.46658918261528015], "27": [0.21287024021148682, 0.5686424970626831], "28": [0.7109246253967285, 0.12396308779716492], "29": [0.587342381477356, 0.4425557851791382], "30": [0.2933250665664673, 0.26597461104393005], "31": [0.4249562621116638, 0.4790228009223938], "32": [0.24712751805782318, 0.5946468114852905], "33": [0.35836338996887207, 0.035487085580825806], "34": [0.26018667221069336, 0.26957833766937256], "35": [0.5453165769577026, 0.4615020155906677], "36": [0.4784671664237976, 0.560031533241272], "37": [0.1780637502670288, 0.81548672914505], "38": [0.2206811010837555, 0.5879673361778259], "39": [0.25478869676589966, 0.552157998085022], "40": [0.1732247769832611, 0.6589924097061157], "41": [0.17081966996192932, 0.8048789501190186], "42": [0.8041610717773438, 0.7428379654884338], "43": [0.40781399607658386, 0.4509919285774231], "44": [0.2352251410484314, 0.5878446102142334], "45": [0.25082916021347046, 0.5383572578430176], "46": [0.8073391914367676, 0.12057045102119446], "47": [0.8164658546447754, 0.12338471412658691], "48": [0.6006752252578735, 0.40107518434524536], "49": [0.8438727855682373, 0.6279958486557007], "50": [0.3840544819831848, 0.3190714716911316], "51": [0.3312644958496094, 0.25579866766929626], "52": [0.5365225672721863, 0.0595112144947052], "53": [0.40953072905540466, 0.45443421602249146], "54": [0.6167327761650085, 0.5612591505050659], "55": [0.639565110206604, 0.5220759510993958], "56": [0.20425057411193848, 0.6460611820220947], "57": [0.35239464044570923, 0.03709203004837036], "58": [0.3630184233188629, 0.03875955939292908], "59": [0.3763743042945862, 0.04558560252189636], "60": [0.22118479013442993, 0.5807018280029297], "61": [0.4116884469985962, 0.40783554315567017], "62": [0.5922251343727112, 0.4024559259414673], "63": [0.5944095253944397, 0.4004981815814972], "64": [0.44952964782714844, 0.5162533521652222], "65": [0.3626381754875183, 0.35372769832611084], "66": [0.376065194606781, 0.35482439398765564], "67": [0.24475768208503723, 0.40109068155288696], "68": [0.141218900680542, 0.6629048585891724], "69": [0.6207696199417114, 0.9875231981277466], "70": [0.9106871485710144, 0.5291304588317871], "71": [0.1623857617378235, 0.5730132460594177], "72": [0.932910680770874, 0.6270498633384705], "73": [0.2096034288406372, 0.08331021666526794], "74": [0.203509122133255, 0.5514521598815918], "75": [0.8039618730545044, 0.24553968012332916], "76": [0.7363610863685608, 0.8494329452514648], "77": [0.11638385057449341, 0.6097476482391357], "78": [0.19745343923568726, 0.5430569052696228], "79": [0.6833412051200867, 0.2811617851257324], "80": [0.9991965293884277, 0.4963066577911377], "81": [0.23681071400642395, 0.5997568368911743], "82": [0.34911346435546875, 0.4215547442436218], "83": [0.22011640667915344, 0.1586090326309204], "84": [0.5047239065170288, 0.38598936796188354], "85": [0.2705017924308777, 0.6163387298583984], "86": [0.49288517236709595, 0.4842410683631897], "87": [0.5913726687431335, 0.5918796062469482], "88": [0.4375137686729431, 0.45388421416282654], "89": [0.48165807127952576, 0.510707437992096], "90": [0.68625807762146, 0.4611622989177704], "91": [0.6466138362884521, 0.11004358530044556], "92": [0.5609651207923889, 0.429964154958725], "93": [0.3976535201072693, 0.45904141664505005], "94": [0.5820721983909607, 0.5429873466491699], "95": [0.5026156306266785, 0.3897991180419922], "96": [0.31038060784339905, 0.6795614361763], "97": [0.4362168312072754, 0.5628044605255127], "98": [0.34002891182899475, 0.6675005555152893], "99": [0.684138298034668, 0.43620026111602783], "100": [0.4723946750164032, 0.5675679445266724], "101": [0.7279720306396484, 0.365742564201355], "102": [0.4678155183792114, 0.5847568511962891], "103": [0.13125038146972656, 0.5441492795944214], "104": [0.6823980212211609, 0.6027032732963562], "105": [0.8635092973709106, 0.47729185223579407], "106": [0.5073156356811523, 0.571837306022644], "107": [0.678910493850708, 0.4574369490146637], "108": [0.07106992602348328, 0.32731613516807556], "109": [0.42406797409057617, 0.6007059216499329], "110": [0.4761399030685425, 0.5750551819801331], "111": [0.6891452670097351, 0.45167359709739685], "112": [0.46228981018066406, 0.5831516981124878], "113": [0.4688984155654907, 0.5358802676200867], "114": [0.6771005392074585, 0.4954083561897278], "115": [0.4103544056415558, 0.9273999929428101], "116": [0.479798823595047, 0.57410728931427], "117": [0.4036182165145874, 0.5630156993865967], "118": [0.47427576780319214, 0.5713618397712708], "119": [0.4163506031036377, 0.6197251081466675], "120": [0.562583327293396, 0.3985612094402313], "121": [0.852778971195221, 0.2479468584060669], "122": [0.4338285028934479, 0.5111658573150635], "123": [0.6403803825378418, 0.4422021210193634], "124": [0.43120628595352173, 0.6013844609260559], "125": [0.2535730004310608, 0.6709015965461731], "126": [0.3007180392742157, 0.7134705781936646], "127": [0.42158243060112, 0.24243590235710144], "128": [0.32999375462532043, 0.4666925072669983], "129": [0.5563758015632629, 0.3142264485359192], "130": [0.21946954727172852, 0.3903813660144806], "131": [0.4735054671764374, 0.2831219732761383], "132": [0.04917949438095093, 0.24945613741874695], "133": [0.3140391409397125, 0.3630330562591553], "134": [0.2018999457359314, 0.37540388107299805], "135": [0.3243906497955322, 0.35856908559799194], "136": [0.21685439348220825, 0.4639548659324646], "137": [0.43426963686943054, 0.252949595451355], "138": [0.5565521717071533, 0.31332388520240784], "139": [0.10210531949996948, 0.5460144281387329], "140": [0.029653608798980713, 0.486257404088974], "141": [0.11891588568687439, 0.493803471326828], "142": [0.5622444748878479, 0.314208984375], "143": [0.6659886240959167, 0.2635570466518402], "144": [0.21261268854141235, 0.3921518325805664], "145": [0.46694087982177734, 0.9560345411300659], "146": [0.2704141139984131, 0.329291969537735], "147": [0.47694215178489685, 0.4675710201263428], "148": [0.20249077677726746, 0.43808862566947937], "149": [0.4533972442150116, 0.2188791036605835], "150": [0.4918780028820038, 0.02272975444793701], "151": [0.3915894329547882, 0.2987261414527893], "152": [0.4041403830051422, 0.370564341545105], "153": [0.26268821954727173, 0.4075016975402832], "154": [0.26034218072891235, 0.3325364589691162], "155": [0.5054508447647095, 0.009089529514312744], "156": [0.3764689266681671, 0.3613808751106262], "157": [0.30674371123313904, 0.31794387102127075], "158": [0.2196272313594818, 0.38975533843040466], "159": [0.4360247552394867, 0.19231891632080078], "160": [0.5242557525634766, 0.3447970747947693], "161": [0.3549867272377014, 0.4323814809322357], "162": [0.31860148906707764, 0.36478546261787415], "163": [0.7128708362579346, 0.5197707414627075],