{"cols": 2, "data": {"0": [0.38632965087890625, 0.7871281504631042], "1": [0.26158344745635986, 0.12363573908805847], "2": [0.6607656478881836, 0.09895601868629456], "3": [0.34753990173339844, 0.40096747875213623], "4": [0.5732593536376953, 0.17713215947151184], "5": [0.43457484245300293, 0.6276988983154297], "6": [0.2205575704574585, 0.7054618000984192], "7": [0.41136741638183594, 0.25780606269836426], "8": [0.2496103048324585, 0.18059980869293213], "9": [0.40584230422973633, 0.3257049024105072], "10": [0.5549924373626709, 0.3919224739074707], "11": [0.3286173343658447, 0.09599903225898743], "12": [0.10434770584106445, 0.49860671162605286], "13": [0.3074371814727783, 0.5983788371086121], "14": [0.3906564712524414, 0.7689001560211182], "15": [0.8908071517944336, 0.5011454820632935], "16": [0.9344828128814697, 0.23557338118553162], "17": [0.8893046379089355, 0.26114600896835327], "18": [0.9432616233825684, 0.42109090089797974], "19": [0.6137833595275879, 0.6532085537910461], "20": [0.6658923625946045, 0.6171830892562866], "21": [0.8651151657104492, 0.1251349151134491], "22": [0.3457674980163574, 0.8042067289352417], "23": [0.41708803176879883, 0.9636021852493286], "24": [0.46509528160095215, 0.9923405647277832], "25": [0.6798884868621826, 0.7382153272628784], "26": [0.7512903213500977, 0.527688205242157], "27": [0.17887258529663086, 0.7204344272613525], "28": [0.2463771104812622, 0.24472501873970032], "29": [0.7188420295715332, 0.39537808299064636], "30": [0.9197416305541992, 0.16969701647758484], "31": [0.8700399398803711, 0.49537160992622375], "32": [0.1982588768005371, 0.7946425676345825], "33": [0.30936503410339355, 0.0], "34": [0.8698275089263916, 0.16965925693511963], "35": [0.8384220600128174, 0.5228908658027649], "36": [1.0, 0.6713960766792297], "37": [0.4383256435394287, 0.9754462242126465], "38": [0.229941725730896, 0.7979641556739807], "39": [0.30652594566345215, 0.8024051785469055], "40": [0.16834485530853271, 0.7607192993164062], "41": [0.3922851085662842, 1.0], "42": [0.44392919540405273, 0.4279595911502838], "43": [0.9514205455780029, 0.4098018407821655], "44": [0.3057534694671631, 0.6955193281173706], "45": [0.364656925201416, 0.7005594372749329], "46": [0.1583787202835083, 0.2801775634288788], "47": [0.1814194917678833, 0.3241642713546753], "48": [0.6003038883209229, 0.40094447135925293], "49": [0.33246636390686035, 0.3801570236682892], "50": [0.7542932033538818, 0.20882165431976318], "51": [0.7910606861114502, 0.08299028873443604], "52": [0.24267005920410156, 0.10857033729553223], "53": [0.7920191287994385, 0.45476973056793213], "54": [0.16707324981689453, 0.6767408847808838], "55": [0.28479886054992676, 0.7645480632781982], "56": [0.3203608989715576, 0.8186279535293579], "57": [0.30285072326660156, 0.006341159343719482], "58": [0.28117167949676514, 0.015661954879760742], "59": [0.3090507984161377, 0.03395390510559082], "60": [0.21520781517028809, 0.794910192489624], "61": [0.8705837726593018, 0.3489975333213806], "62": [0.25321948528289795, 0.35126689076423645], "63": [0.2502725124359131, 0.382893443107605], "64": [0.9074032306671143, 0.5651437044143677], "65": [0.8483235836029053, 0.2708871364593506], "66": [0.7069511413574219, 0.17001402378082275], "67": [0.7412488460540771, 0.2283480167388916], "68": [0.3452646732330322, 0.6370009779930115], "69": [0.004440665245056152, 0.675663948059082], "70": [0.25975167751312256, 0.4723414480686188], "71": [0.26538145542144775, 0.6436672806739807], "72": [0.41942262649536133, 0.4968109726905823], "73": [0.6144363880157471, 0.35345619916915894], "74": [0.31751561164855957, 0.5948149561882019], "75": [0.9047012329101562, 0.2590605318546295], "76": [0.603205680847168, 0.6372723579406738], "77": [0.4915437698364258, 0.6493750810623169], "78": [0.24122190475463867, 0.721034824848175], "79": [0.49070262908935547, 0.30835583806037903], "80": [0.2505946159362793, 0.4459526240825653], "81": [0.2755633592605591, 0.8113181591033936], "82": [0.9457480907440186, 0.3704248368740082], "83": [0.7232184410095215, 0.14722442626953125], "84": [0.6508352756500244, 0.36967238783836365], "85": [0.45421552658081055, 0.6898903250694275], "86": [0.9515061378479004, 0.4997679889202118], "87": [0.8547494411468506, 0.6328010559082031], "88": [0.7531528472900391, 0.44824540615081787], "89": [0.8383333683013916, 0.5569650530815125], "90": [0.575181245803833, 0.5214996337890625], "91": [0.34439849853515625, 0.15203934907913208], "92": [0.8225061893463135, 0.4249812364578247], "93": [0.8913016319274902, 0.4580637812614441], "94": [0.7542812824249268, 0.6386348605155945], "95": [0.7403814792633057, 0.2851056158542633], "96": [0.5389151573181152, 0.7415237426757812], "97": [0.8620216846466064, 0.6945520639419556], "98": [0.7545511722564697, 0.7113604545593262], "99": [0.6700541973114014, 0.46131494641304016], "100": [0.9632644653320312, 0.656207799911499], "101": [0.6155953407287598, 0.22302839159965515], "102": [0.9165880680084229, 0.6711400747299194], "103": [0.11493980884552002, 0.6183066964149475], "104": [0.4934253692626953, 0.5141725540161133], "105": [0.5237245559692383, 0.42178598046302795], "106": [0.9009418487548828, 0.6285492181777954], "107": [0.6129019260406494, 0.49112409353256226], "108": [0.12473034858703613, 0.47748881578445435], "109": [0.8296449184417725, 0.7599255442619324], "110": [0.9375660419464111, 0.7110618948936462], "111": [0.550929069519043, 0.5247790217399597], "112": [0.8982772827148438, 0.7029841542243958], "113": [0.9356329441070557, 0.6128111481666565], "114": [0.14263856410980225, 0.42687559127807617], "115": [0.6675882339477539, 0.6846789121627808], "116": [0.9590535163879395, 0.6449970006942749], "117": [0.8331396579742432, 0.6476184129714966], "118": [0.8921699523925781, 0.6984834671020508], "119": [0.7909739017486572, 0.7730671167373657], "120": [0.606980562210083, 0.2849939465522766], "121": [0.47286009788513184, 0.355299711227417], "122": [0.7497665882110596, 0.5663205981254578], "123": [0.2506965398788452, 0.30213314294815063], "124": [0.8332066535949707, 0.727114200592041], "125": [0.5382564067840576, 0.7160533666610718], "126": [0.5834002494812012, 0.7340809106826782], "127": [0.634577751159668, 0.12376236915588379], "128": [0.6783473491668701, 0.512597382068634], "129": [0.43771839141845703, 0.25675633549690247], "130": [0.3520321846008301, 0.36316829919815063], "131": [0.5139565467834473, 0.12114015221595764], "132": [0.21152782440185547, 0.46775925159454346], "133": [0.7636241912841797, 0.3955797255039215], "134": [0.7075071334838867, 0.41979309916496277], "135": [0.7759027481079102, 0.42378509044647217], "136": [0.45911502838134766, 0.5486775636672974], "137": [0.595090389251709, 0.16092100739479065], "138": [0.4673895835876465, 0.28289809823036194], "139": [0.14749717712402344, 0.694103479385376], "140": [0.20278561115264893, 0.5328682661056519], "141": [0.15658199787139893, 0.5880983471870422], "142": [0.48786306381225586, 0.2129645049571991], "143": [0.2916276454925537, 0.28211280703544617], "144": [0.3379554748535156, 0.44919687509536743], "145": [0.11254918575286865, 0.6143918037414551], "146": [0.720343828201294, 0.40493255853652954], "147": [0.9509642124176025, 0.5497499108314514], "148": [0.35738658905029297, 0.5520111322402954], "149": [0.5802476406097412, 0.05220264196395874], "150": [0.36020803451538086, 0.10356485843658447], "151": [0.5926914215087891, 0.11055812239646912], "152": [0.7820899486541748, 0.3595934510231018], "153": [0.6089930534362793, 0.43934541940689087], "154": [0.6870167255401611, 0.26730963587760925], "155": [0.27894604206085205, 0.09675848484039307], "156": [0.7948703765869141, 0.27546489238739014], "157": [0.6672115325927734, 0.26803985238075256], "158": [0.3818244934082031, 0.40005433559417725], "159": [0.5786826610565186, 0.07091477513313293], "160": [0.5713760852813721, 0.2515881061553955], "161": [0.7608346939086914, 0.4760788083076477], "162": [0.7421987056732178, 0.32198435068130493], "163": [0.1354464292526245, 0.459421306848526],